"";"periodo";"cod_reg";"item";"Total"
"1";"2020/1º Semestre";10;"HOMICÍDIO DOLOSO (exclui FEMINICÍDIO)";6
"2";"2020/1º Semestre";20;"HOMICÍDIO DOLOSO (exclui FEMINICÍDIO)";6
"3";"2020/1º Semestre";30;"HOMICÍDIO DOLOSO (exclui FEMINICÍDIO)";9
"4";"2020/1º Semestre";10;"FEMINICÍDIO";4
"5";"2020/1º Semestre";20;"FEMINICÍDIO";1
"6";"2020/1º Semestre";30;"FEMINICÍDIO";7
"7";"2020/1º Semestre";10;"HOMICÍDIO DOLOSO - TOTAL";10
"8";"2020/1º Semestre";20;"HOMICÍDIO DOLOSO - TOTAL";7
"9";"2020/1º Semestre";30;"HOMICÍDIO DOLOSO - TOTAL";16
"10";"2020/1º Semestre";10;"LESÃO CORPORAL DOLOSA";977
"11";"2020/1º Semestre";20;"LESÃO CORPORAL DOLOSA";903
"12";"2020/1º Semestre";30;"LESÃO CORPORAL DOLOSA";3062
"13";"2020/1º Semestre";10;"HOMICÍDIO DOLOSO (exclui FEMINICÍDIO)";3
"14";"2020/1º Semestre";20;"HOMICÍDIO DOLOSO (exclui FEMINICÍDIO)";3
"15";"2020/1º Semestre";30;"HOMICÍDIO DOLOSO (exclui FEMINICÍDIO)";10
"16";"2020/1º Semestre";10;"FEMINICÍDIO";5
"17";"2020/1º Semestre";20;"FEMINICÍDIO";3
"18";"2020/1º Semestre";30;"FEMINICÍDIO";10
"19";"2020/1º Semestre";10;"HOMICÍDIO DOLOSO - TOTAL";8
"20";"2020/1º Semestre";20;"HOMICÍDIO DOLOSO - TOTAL";6
"21";"2020/1º Semestre";30;"HOMICÍDIO DOLOSO - TOTAL";20
"22";"2020/1º Semestre";10;"LESÃO CORPORAL DOLOSA";1034
"23";"2020/1º Semestre";20;"LESÃO CORPORAL DOLOSA";872
"24";"2020/1º Semestre";30;"LESÃO CORPORAL DOLOSA";2707
"25";"2020/1º Semestre";10;"HOMICÍDIO DOLOSO (exclui FEMINICÍDIO)";4
"26";"2020/1º Semestre";20;"HOMICÍDIO DOLOSO (exclui FEMINICÍDIO)";2
"27";"2020/1º Semestre";30;"HOMICÍDIO DOLOSO (exclui FEMINICÍDIO)";10
"28";"2020/1º Semestre";10;"FEMINICÍDIO";2
"29";"2020/1º Semestre";20;"FEMINICÍDIO";6
"30";"2020/1º Semestre";30;"FEMINICÍDIO";12
"31";"2020/1º Semestre";10;"HOMICÍDIO DOLOSO - TOTAL";6
"32";"2020/1º Semestre";20;"HOMICÍDIO DOLOSO - TOTAL";8
"33";"2020/1º Semestre";30;"HOMICÍDIO DOLOSO - TOTAL";22
"34";"2020/1º Semestre";10;"LESÃO CORPORAL DOLOSA";926
"35";"2020/1º Semestre";20;"LESÃO CORPORAL DOLOSA";730
"36";"2020/1º Semestre";30;"LESÃO CORPORAL DOLOSA";2673
"37";"2020/1º Semestre";10;"HOMICÍDIO DOLOSO (exclui FEMINICÍDIO)";2
"38";"2020/1º Semestre";20;"HOMICÍDIO DOLOSO (exclui FEMINICÍDIO)";6
"39";"2020/1º Semestre";30;"HOMICÍDIO DOLOSO (exclui FEMINICÍDIO)";7
"40";"2020/1º Semestre";10;"FEMINICÍDIO";3
"41";"2020/1º Semestre";20;"FEMINICÍDIO";2
"42";"2020/1º Semestre";30;"FEMINICÍDIO";16
"43";"2020/1º Semestre";10;"HOMICÍDIO DOLOSO - TOTAL";5
"44";"2020/1º Semestre";20;"HOMICÍDIO DOLOSO - TOTAL";8
"45";"2020/1º Semestre";30;"HOMICÍDIO DOLOSO - TOTAL";23
"46";"2020/1º Semestre";10;"LESÃO CORPORAL DOLOSA";594
"47";"2020/1º Semestre";20;"LESÃO CORPORAL DOLOSA";634
"48";"2020/1º Semestre";30;"LESÃO CORPORAL DOLOSA";2016
"49";"2020/1º Semestre";10;"HOMICÍDIO DOLOSO (exclui FEMINICÍDIO)";5
"50";"2020/1º Semestre";20;"HOMICÍDIO DOLOSO (exclui FEMINICÍDIO)";5
"51";"2020/1º Semestre";30;"HOMICÍDIO DOLOSO (exclui FEMINICÍDIO)";10
"52";"2020/1º Semestre";10;"FEMINICÍDIO";1
"53";"2020/1º Semestre";20;"FEMINICÍDIO";1
"54";"2020/1º Semestre";30;"FEMINICÍDIO";6
"55";"2020/1º Semestre";10;"HOMICÍDIO DOLOSO - TOTAL";6
"56";"2020/1º Semestre";20;"HOMICÍDIO DOLOSO - TOTAL";6
"57";"2020/1º Semestre";30;"HOMICÍDIO DOLOSO - TOTAL";16
"58";"2020/1º Semestre";10;"LESÃO CORPORAL DOLOSA";599
"59";"2020/1º Semestre";20;"LESÃO CORPORAL DOLOSA";540
"60";"2020/1º Semestre";30;"LESÃO CORPORAL DOLOSA";2098
"61";"2020/1º Semestre";10;"HOMICÍDIO DOLOSO (exclui FEMINICÍDIO)";5
"62";"2020/1º Semestre";20;"HOMICÍDIO DOLOSO (exclui FEMINICÍDIO)";5
"63";"2020/1º Semestre";30;"HOMICÍDIO DOLOSO (exclui FEMINICÍDIO)";11
"64";"2020/1º Semestre";10;"FEMINICÍDIO";1
"65";"2020/1º Semestre";20;"FEMINICÍDIO";2
"66";"2020/1º Semestre";30;"FEMINICÍDIO";5
"67";"2020/1º Semestre";10;"HOMICÍDIO DOLOSO - TOTAL";6
"68";"2020/1º Semestre";20;"HOMICÍDIO DOLOSO - TOTAL";7
"69";"2020/1º Semestre";30;"HOMICÍDIO DOLOSO - TOTAL";16
"70";"2020/1º Semestre";10;"LESÃO CORPORAL DOLOSA";692
"71";"2020/1º Semestre";20;"LESÃO CORPORAL DOLOSA";665
"72";"2020/1º Semestre";30;"LESÃO CORPORAL DOLOSA";2347
"73";"2020/2º Semestre";10;"HOMICÍDIO DOLOSO (exclui FEMINICÍDIO)";6
"74";"2020/2º Semestre";20;"HOMICÍDIO DOLOSO (exclui FEMINICÍDIO)";3
"75";"2020/2º Semestre";30;"HOMICÍDIO DOLOSO (exclui FEMINICÍDIO)";9
"76";"2020/2º Semestre";10;"FEMINICÍDIO";3
"77";"2020/2º Semestre";20;"FEMINICÍDIO";1
"78";"2020/2º Semestre";30;"FEMINICÍDIO";9
"79";"2020/2º Semestre";10;"HOMICÍDIO DOLOSO - TOTAL";9
"80";"2020/2º Semestre";20;"HOMICÍDIO DOLOSO - TOTAL";4
"81";"2020/2º Semestre";30;"HOMICÍDIO DOLOSO - TOTAL";18
"82";"2020/2º Semestre";10;"LESÃO CORPORAL DOLOSA";624
"83";"2020/2º Semestre";20;"LESÃO CORPORAL DOLOSA";756
"84";"2020/2º Semestre";30;"LESÃO CORPORAL DOLOSA";2446
"85";"2020/2º Semestre";10;"HOMICÍDIO DOLOSO (exclui FEMINICÍDIO)";2
"86";"2020/2º Semestre";20;"HOMICÍDIO DOLOSO (exclui FEMINICÍDIO)";3
"87";"2020/2º Semestre";30;"HOMICÍDIO DOLOSO (exclui FEMINICÍDIO)";17
"88";"2020/2º Semestre";10;"FEMINICÍDIO";2
"89";"2020/2º Semestre";20;"FEMINICÍDIO";2
"90";"2020/2º Semestre";30;"FEMINICÍDIO";4
"91";"2020/2º Semestre";10;"HOMICÍDIO DOLOSO - TOTAL";4
"92";"2020/2º Semestre";20;"HOMICÍDIO DOLOSO - TOTAL";5
"93";"2020/2º Semestre";30;"HOMICÍDIO DOLOSO - TOTAL";21
"94";"2020/2º Semestre";10;"LESÃO CORPORAL DOLOSA";698
"95";"2020/2º Semestre";20;"LESÃO CORPORAL DOLOSA";663
"96";"2020/2º Semestre";30;"LESÃO CORPORAL DOLOSA";2453
"97";"2020/2º Semestre";10;"HOMICÍDIO DOLOSO (exclui FEMINICÍDIO)";5
"98";"2020/2º Semestre";20;"HOMICÍDIO DOLOSO (exclui FEMINICÍDIO)";6
"99";"2020/2º Semestre";30;"HOMICÍDIO DOLOSO (exclui FEMINICÍDIO)";15
"100";"2020/2º Semestre";10;"FEMINICÍDIO";4
"101";"2020/2º Semestre";20;"FEMINICÍDIO";4
"102";"2020/2º Semestre";30;"FEMINICÍDIO";9
"103";"2020/2º Semestre";10;"HOMICÍDIO DOLOSO - TOTAL";9
"104";"2020/2º Semestre";20;"HOMICÍDIO DOLOSO - TOTAL";10
"105";"2020/2º Semestre";30;"HOMICÍDIO DOLOSO - TOTAL";24
"106";"2020/2º Semestre";10;"LESÃO CORPORAL DOLOSA";718
"107";"2020/2º Semestre";20;"LESÃO CORPORAL DOLOSA";844
"108";"2020/2º Semestre";30;"LESÃO CORPORAL DOLOSA";2747
"109";"2020/2º Semestre";10;"HOMICÍDIO DOLOSO (exclui FEMINICÍDIO)";7
"110";"2020/2º Semestre";20;"HOMICÍDIO DOLOSO (exclui FEMINICÍDIO)";6
"111";"2020/2º Semestre";30;"HOMICÍDIO DOLOSO (exclui FEMINICÍDIO)";11
"112";"2020/2º Semestre";10;"FEMINICÍDIO";6
"113";"2020/2º Semestre";20;"FEMINICÍDIO";4
"114";"2020/2º Semestre";30;"FEMINICÍDIO";9
"115";"2020/2º Semestre";10;"HOMICÍDIO DOLOSO - TOTAL";13
"116";"2020/2º Semestre";20;"HOMICÍDIO DOLOSO - TOTAL";10
"117";"2020/2º Semestre";30;"HOMICÍDIO DOLOSO - TOTAL";20
"118";"2020/2º Semestre";10;"LESÃO CORPORAL DOLOSA";918
"119";"2020/2º Semestre";20;"LESÃO CORPORAL DOLOSA";802
"120";"2020/2º Semestre";30;"LESÃO CORPORAL DOLOSA";2826
"121";"2020/2º Semestre";10;"HOMICÍDIO DOLOSO (exclui FEMINICÍDIO)";5
"122";"2020/2º Semestre";20;"HOMICÍDIO DOLOSO (exclui FEMINICÍDIO)";4
"123";"2020/2º Semestre";30;"HOMICÍDIO DOLOSO (exclui FEMINICÍDIO)";13
"124";"2020/2º Semestre";10;"FEMINICÍDIO";4
"125";"2020/2º Semestre";20;"FEMINICÍDIO";5
"126";"2020/2º Semestre";30;"FEMINICÍDIO";11
"127";"2020/2º Semestre";10;"HOMICÍDIO DOLOSO - TOTAL";9
"128";"2020/2º Semestre";20;"HOMICÍDIO DOLOSO - TOTAL";9
"129";"2020/2º Semestre";30;"HOMICÍDIO DOLOSO - TOTAL";24
"130";"2020/2º Semestre";10;"LESÃO CORPORAL DOLOSA";862
"131";"2020/2º Semestre";20;"LESÃO CORPORAL DOLOSA";824
"132";"2020/2º Semestre";30;"LESÃO CORPORAL DOLOSA";2981
"133";"2020/2º Semestre";10;"HOMICÍDIO DOLOSO (exclui FEMINICÍDIO)";3
"134";"2020/2º Semestre";20;"HOMICÍDIO DOLOSO (exclui FEMINICÍDIO)";7
"135";"2020/2º Semestre";30;"HOMICÍDIO DOLOSO (exclui FEMINICÍDIO)";15
"136";"2020/2º Semestre";10;"FEMINICÍDIO";5
"137";"2020/2º Semestre";20;"FEMINICÍDIO";2
"138";"2020/2º Semestre";30;"FEMINICÍDIO";7
"139";"2020/2º Semestre";10;"HOMICÍDIO DOLOSO - TOTAL";8
"140";"2020/2º Semestre";20;"HOMICÍDIO DOLOSO - TOTAL";9
"141";"2020/2º Semestre";30;"HOMICÍDIO DOLOSO - TOTAL";22
"142";"2020/2º Semestre";10;"LESÃO CORPORAL DOLOSA";930
"143";"2020/2º Semestre";20;"LESÃO CORPORAL DOLOSA";785
"144";"2020/2º Semestre";30;"LESÃO CORPORAL DOLOSA";2919
"145";"2021/1º Semestre";10;"HOMICÍDIO DOLOSO (exclui FEMINICÍDIO)";2
"146";"2021/1º Semestre";20;"HOMICÍDIO DOLOSO (exclui FEMINICÍDIO)";3
"147";"2021/1º Semestre";30;"HOMICÍDIO DOLOSO (exclui FEMINICÍDIO)";13
"148";"2021/1º Semestre";10;"FEMINICÍDIO";4
"149";"2021/1º Semestre";20;"FEMINICÍDIO";2
"150";"2021/1º Semestre";30;"FEMINICÍDIO";15
"151";"2021/1º Semestre";10;"HOMICÍDIO DOLOSO - TOTAL";6
"152";"2021/1º Semestre";20;"HOMICÍDIO DOLOSO - TOTAL";5
"153";"2021/1º Semestre";30;"HOMICÍDIO DOLOSO - TOTAL";28
"154";"2021/1º Semestre";10;"LESÃO CORPORAL DOLOSA";890
"155";"2021/1º Semestre";20;"LESÃO CORPORAL DOLOSA";854
"156";"2021/1º Semestre";30;"LESÃO CORPORAL DOLOSA";2907
"157";"2021/1º Semestre";10;"HOMICÍDIO DOLOSO (exclui FEMINICÍDIO)";2
"158";"2021/1º Semestre";20;"HOMICÍDIO DOLOSO (exclui FEMINICÍDIO)";2
"159";"2021/1º Semestre";30;"HOMICÍDIO DOLOSO (exclui FEMINICÍDIO)";17
"160";"2021/1º Semestre";10;"FEMINICÍDIO";3
"161";"2021/1º Semestre";20;"FEMINICÍDIO";1
"162";"2021/1º Semestre";30;"FEMINICÍDIO";7
"163";"2021/1º Semestre";10;"HOMICÍDIO DOLOSO - TOTAL";5
"164";"2021/1º Semestre";20;"HOMICÍDIO DOLOSO - TOTAL";3
"165";"2021/1º Semestre";30;"HOMICÍDIO DOLOSO - TOTAL";24
"166";"2021/1º Semestre";10;"LESÃO CORPORAL DOLOSA";975
"167";"2021/1º Semestre";20;"LESÃO CORPORAL DOLOSA";801
"168";"2021/1º Semestre";30;"LESÃO CORPORAL DOLOSA";2590
"169";"2021/1º Semestre";10;"HOMICÍDIO DOLOSO (exclui FEMINICÍDIO)";6
"170";"2021/1º Semestre";20;"HOMICÍDIO DOLOSO (exclui FEMINICÍDIO)";3
"171";"2021/1º Semestre";30;"HOMICÍDIO DOLOSO (exclui FEMINICÍDIO)";10
"172";"2021/1º Semestre";10;"FEMINICÍDIO";3
"173";"2021/1º Semestre";20;"FEMINICÍDIO";1
"174";"2021/1º Semestre";30;"FEMINICÍDIO";7
"175";"2021/1º Semestre";10;"HOMICÍDIO DOLOSO - TOTAL";9
"176";"2021/1º Semestre";20;"HOMICÍDIO DOLOSO - TOTAL";4
"177";"2021/1º Semestre";30;"HOMICÍDIO DOLOSO - TOTAL";17
"178";"2021/1º Semestre";10;"LESÃO CORPORAL DOLOSA";994
"179";"2021/1º Semestre";20;"LESÃO CORPORAL DOLOSA";846
"180";"2021/1º Semestre";30;"LESÃO CORPORAL DOLOSA";3130
"181";"2021/1º Semestre";10;"HOMICÍDIO DOLOSO (exclui FEMINICÍDIO)";7
"182";"2021/1º Semestre";20;"HOMICÍDIO DOLOSO (exclui FEMINICÍDIO)";0
"183";"2021/1º Semestre";30;"HOMICÍDIO DOLOSO (exclui FEMINICÍDIO)";8
"184";"2021/1º Semestre";10;"FEMINICÍDIO";2
"185";"2021/1º Semestre";20;"FEMINICÍDIO";0
"186";"2021/1º Semestre";30;"FEMINICÍDIO";5
"187";"2021/1º Semestre";10;"HOMICÍDIO DOLOSO - TOTAL";9
"188";"2021/1º Semestre";20;"HOMICÍDIO DOLOSO - TOTAL";0
"189";"2021/1º Semestre";30;"HOMICÍDIO DOLOSO - TOTAL";13
"190";"2021/1º Semestre";10;"LESÃO CORPORAL DOLOSA";707
"191";"2021/1º Semestre";20;"LESÃO CORPORAL DOLOSA";760
"192";"2021/1º Semestre";30;"LESÃO CORPORAL DOLOSA";2242
"193";"2021/1º Semestre";10;"HOMICÍDIO DOLOSO (exclui FEMINICÍDIO)";2
"194";"2021/1º Semestre";20;"HOMICÍDIO DOLOSO (exclui FEMINICÍDIO)";4
"195";"2021/1º Semestre";30;"HOMICÍDIO DOLOSO (exclui FEMINICÍDIO)";11
"196";"2021/1º Semestre";10;"FEMINICÍDIO";5
"197";"2021/1º Semestre";20;"FEMINICÍDIO";3
"198";"2021/1º Semestre";30;"FEMINICÍDIO";18
"199";"2021/1º Semestre";10;"HOMICÍDIO DOLOSO - TOTAL";7
"200";"2021/1º Semestre";20;"HOMICÍDIO DOLOSO - TOTAL";7
"201";"2021/1º Semestre";30;"HOMICÍDIO DOLOSO - TOTAL";29
"202";"2021/1º Semestre";10;"LESÃO CORPORAL DOLOSA";695
"203";"2021/1º Semestre";20;"LESÃO CORPORAL DOLOSA";761
"204";"2021/1º Semestre";30;"LESÃO CORPORAL DOLOSA";2358
"205";"2021/1º Semestre";10;"HOMICÍDIO DOLOSO (exclui FEMINICÍDIO)";10
"206";"2021/1º Semestre";20;"HOMICÍDIO DOLOSO (exclui FEMINICÍDIO)";8
"207";"2021/1º Semestre";30;"HOMICÍDIO DOLOSO (exclui FEMINICÍDIO)";7
"208";"2021/1º Semestre";10;"FEMINICÍDIO";3
"209";"2021/1º Semestre";20;"FEMINICÍDIO";1
"210";"2021/1º Semestre";30;"FEMINICÍDIO";6
"211";"2021/1º Semestre";10;"HOMICÍDIO DOLOSO - TOTAL";13
"212";"2021/1º Semestre";20;"HOMICÍDIO DOLOSO - TOTAL";9
"213";"2021/1º Semestre";30;"HOMICÍDIO DOLOSO - TOTAL";13
"214";"2021/1º Semestre";10;"LESÃO CORPORAL DOLOSA";771
"215";"2021/1º Semestre";20;"LESÃO CORPORAL DOLOSA";687
"216";"2021/1º Semestre";30;"LESÃO CORPORAL DOLOSA";2398
"217";"2021/2º Semestre";10;"HOMICÍDIO DOLOSO (exclui FEMINICÍDIO)";7
"218";"2021/2º Semestre";20;"HOMICÍDIO DOLOSO (exclui FEMINICÍDIO)";5
"219";"2021/2º Semestre";30;"HOMICÍDIO DOLOSO (exclui FEMINICÍDIO)";11
"220";"2021/2º Semestre";10;"FEMINICÍDIO";3
"221";"2021/2º Semestre";20;"FEMINICÍDIO";1
"222";"2021/2º Semestre";30;"FEMINICÍDIO";2
"223";"2021/2º Semestre";10;"HOMICÍDIO DOLOSO - TOTAL";10
"224";"2021/2º Semestre";20;"HOMICÍDIO DOLOSO - TOTAL";6
"225";"2021/2º Semestre";30;"HOMICÍDIO DOLOSO - TOTAL";13
"226";"2021/2º Semestre";10;"LESÃO CORPORAL DOLOSA";904
"227";"2021/2º Semestre";20;"LESÃO CORPORAL DOLOSA";872
"228";"2021/2º Semestre";30;"LESÃO CORPORAL DOLOSA";2787
"229";"2021/2º Semestre";10;"HOMICÍDIO DOLOSO (exclui FEMINICÍDIO)";4
"230";"2021/2º Semestre";20;"HOMICÍDIO DOLOSO (exclui FEMINICÍDIO)";3
"231";"2021/2º Semestre";30;"HOMICÍDIO DOLOSO (exclui FEMINICÍDIO)";15
"232";"2021/2º Semestre";10;"FEMINICÍDIO";1
"233";"2021/2º Semestre";20;"FEMINICÍDIO";2
"234";"2021/2º Semestre";30;"FEMINICÍDIO";5
"235";"2021/2º Semestre";10;"HOMICÍDIO DOLOSO - TOTAL";5
"236";"2021/2º Semestre";20;"HOMICÍDIO DOLOSO - TOTAL";5
"237";"2021/2º Semestre";30;"HOMICÍDIO DOLOSO - TOTAL";20
"238";"2021/2º Semestre";10;"LESÃO CORPORAL DOLOSA";979
"239";"2021/2º Semestre";20;"LESÃO CORPORAL DOLOSA";878
"240";"2021/2º Semestre";30;"LESÃO CORPORAL DOLOSA";2701
"241";"2021/2º Semestre";10;"HOMICÍDIO DOLOSO (exclui FEMINICÍDIO)";6
"242";"2021/2º Semestre";20;"HOMICÍDIO DOLOSO (exclui FEMINICÍDIO)";4
"243";"2021/2º Semestre";30;"HOMICÍDIO DOLOSO (exclui FEMINICÍDIO)";12
"244";"2021/2º Semestre";10;"FEMINICÍDIO";2
"245";"2021/2º Semestre";20;"FEMINICÍDIO";2
"246";"2021/2º Semestre";30;"FEMINICÍDIO";4
"247";"2021/2º Semestre";10;"HOMICÍDIO DOLOSO - TOTAL";8
"248";"2021/2º Semestre";20;"HOMICÍDIO DOLOSO - TOTAL";6
"249";"2021/2º Semestre";30;"HOMICÍDIO DOLOSO - TOTAL";16
"250";"2021/2º Semestre";10;"LESÃO CORPORAL DOLOSA";889
"251";"2021/2º Semestre";20;"LESÃO CORPORAL DOLOSA";733
"252";"2021/2º Semestre";30;"LESÃO CORPORAL DOLOSA";2319
"253";"2021/2º Semestre";10;"HOMICÍDIO DOLOSO (exclui FEMINICÍDIO)";4
"254";"2021/2º Semestre";20;"HOMICÍDIO DOLOSO (exclui FEMINICÍDIO)";3
"255";"2021/2º Semestre";30;"HOMICÍDIO DOLOSO (exclui FEMINICÍDIO)";15
"256";"2021/2º Semestre";10;"FEMINICÍDIO";1
"257";"2021/2º Semestre";20;"FEMINICÍDIO";2
"258";"2021/2º Semestre";30;"FEMINICÍDIO";5
"259";"2021/2º Semestre";10;"HOMICÍDIO DOLOSO - TOTAL";5
"260";"2021/2º Semestre";20;"HOMICÍDIO DOLOSO - TOTAL";5
"261";"2021/2º Semestre";30;"HOMICÍDIO DOLOSO - TOTAL";20
"262";"2021/2º Semestre";10;"LESÃO CORPORAL DOLOSA";979
"263";"2021/2º Semestre";20;"LESÃO CORPORAL DOLOSA";878
"264";"2021/2º Semestre";30;"LESÃO CORPORAL DOLOSA";2701
"265";"2021/2º Semestre";10;"HOMICÍDIO DOLOSO (exclui FEMINICÍDIO)";7
"266";"2021/2º Semestre";20;"HOMICÍDIO DOLOSO (exclui FEMINICÍDIO)";5
"267";"2021/2º Semestre";30;"HOMICÍDIO DOLOSO (exclui FEMINICÍDIO)";11
"268";"2021/2º Semestre";10;"FEMINICÍDIO";3
"269";"2021/2º Semestre";20;"FEMINICÍDIO";1
"270";"2021/2º Semestre";30;"FEMINICÍDIO";2
"271";"2021/2º Semestre";10;"HOMICÍDIO DOLOSO - TOTAL";10
"272";"2021/2º Semestre";20;"HOMICÍDIO DOLOSO - TOTAL";6
"273";"2021/2º Semestre";30;"HOMICÍDIO DOLOSO - TOTAL";13
"274";"2021/2º Semestre";10;"LESÃO CORPORAL DOLOSA";904
"275";"2021/2º Semestre";20;"LESÃO CORPORAL DOLOSA";872
"276";"2021/2º Semestre";30;"LESÃO CORPORAL DOLOSA";2787
"277";"2021/2º Semestre";10;"HOMICÍDIO DOLOSO (exclui FEMINICÍDIO)";2
"278";"2021/2º Semestre";20;"HOMICÍDIO DOLOSO (exclui FEMINICÍDIO)";3
"279";"2021/2º Semestre";30;"HOMICÍDIO DOLOSO (exclui FEMINICÍDIO)";9
"280";"2021/2º Semestre";10;"FEMINICÍDIO";3
"281";"2021/2º Semestre";20;"FEMINICÍDIO";1
"282";"2021/2º Semestre";30;"FEMINICÍDIO";5
"283";"2021/2º Semestre";10;"HOMICÍDIO DOLOSO - TOTAL";5
"284";"2021/2º Semestre";20;"HOMICÍDIO DOLOSO - TOTAL";4
"285";"2021/2º Semestre";30;"HOMICÍDIO DOLOSO - TOTAL";14
"286";"2021/2º Semestre";10;"LESÃO CORPORAL DOLOSA";783
"287";"2021/2º Semestre";20;"LESÃO CORPORAL DOLOSA";816
"288";"2021/2º Semestre";30;"LESÃO CORPORAL DOLOSA";2682
"289";"2021/2º Semestre";10;"HOMICÍDIO DOLOSO (exclui FEMINICÍDIO)";4
"290";"2021/2º Semestre";20;"HOMICÍDIO DOLOSO (exclui FEMINICÍDIO)";1
"291";"2021/2º Semestre";30;"HOMICÍDIO DOLOSO (exclui FEMINICÍDIO)";7
"292";"2021/2º Semestre";10;"FEMINICÍDIO";1
"293";"2021/2º Semestre";20;"FEMINICÍDIO";0
"294";"2021/2º Semestre";30;"FEMINICÍDIO";8
"295";"2021/2º Semestre";10;"HOMICÍDIO DOLOSO - TOTAL";5
"296";"2021/2º Semestre";20;"HOMICÍDIO DOLOSO - TOTAL";1
"297";"2021/2º Semestre";30;"HOMICÍDIO DOLOSO - TOTAL";15
"298";"2021/2º Semestre";10;"LESÃO CORPORAL DOLOSA";941
"299";"2021/2º Semestre";20;"LESÃO CORPORAL DOLOSA";780
"300";"2021/2º Semestre";30;"LESÃO CORPORAL DOLOSA";2831
"301";"2021/2º Semestre";10;"HOMICÍDIO DOLOSO (exclui FEMINICÍDIO)";2
"302";"2021/2º Semestre";20;"HOMICÍDIO DOLOSO (exclui FEMINICÍDIO)";3
"303";"2021/2º Semestre";30;"HOMICÍDIO DOLOSO (exclui FEMINICÍDIO)";17
"304";"2021/2º Semestre";10;"FEMINICÍDIO";3
"305";"2021/2º Semestre";20;"FEMINICÍDIO";2
"306";"2021/2º Semestre";30;"FEMINICÍDIO";5
"307";"2021/2º Semestre";10;"HOMICÍDIO DOLOSO - TOTAL";5
"308";"2021/2º Semestre";20;"HOMICÍDIO DOLOSO - TOTAL";5
"309";"2021/2º Semestre";30;"HOMICÍDIO DOLOSO - TOTAL";22
"310";"2021/2º Semestre";10;"LESÃO CORPORAL DOLOSA";952
"311";"2021/2º Semestre";20;"LESÃO CORPORAL DOLOSA";813
"312";"2021/2º Semestre";30;"LESÃO CORPORAL DOLOSA";2929
"313";"2022/1º Semestre";10;"HOMICÍDIO DOLOSO (exclui FEMINICÍDIO)";7
"314";"2022/1º Semestre";20;"HOMICÍDIO DOLOSO (exclui FEMINICÍDIO)";10
"315";"2022/1º Semestre";30;"HOMICÍDIO DOLOSO (exclui FEMINICÍDIO)";9
"316";"2022/1º Semestre";10;"FEMINICÍDIO";0
"317";"2022/1º Semestre";20;"FEMINICÍDIO";3
"318";"2022/1º Semestre";30;"FEMINICÍDIO";9
"319";"2022/1º Semestre";10;"HOMICÍDIO DOLOSO - TOTAL";7
"320";"2022/1º Semestre";20;"HOMICÍDIO DOLOSO - TOTAL";13
"321";"2022/1º Semestre";30;"HOMICÍDIO DOLOSO - TOTAL";18
"322";"2022/1º Semestre";10;"LESÃO CORPORAL DOLOSA";922
"323";"2022/1º Semestre";20;"LESÃO CORPORAL DOLOSA";836
"324";"2022/1º Semestre";30;"LESÃO CORPORAL DOLOSA";2710
"325";"2022/1º Semestre";10;"HOMICÍDIO DOLOSO (exclui FEMINICÍDIO)";3
"326";"2022/1º Semestre";20;"HOMICÍDIO DOLOSO (exclui FEMINICÍDIO)";6
"327";"2022/1º Semestre";30;"HOMICÍDIO DOLOSO (exclui FEMINICÍDIO)";9
"328";"2022/1º Semestre";10;"FEMINICÍDIO";2
"329";"2022/1º Semestre";20;"FEMINICÍDIO";1
"330";"2022/1º Semestre";30;"FEMINICÍDIO";8
"331";"2022/1º Semestre";10;"HOMICÍDIO DOLOSO - TOTAL";5
"332";"2022/1º Semestre";20;"HOMICÍDIO DOLOSO - TOTAL";7
"333";"2022/1º Semestre";30;"HOMICÍDIO DOLOSO - TOTAL";17
"334";"2022/1º Semestre";10;"LESÃO CORPORAL DOLOSA";898
"335";"2022/1º Semestre";20;"LESÃO CORPORAL DOLOSA";1
"336";"2022/1º Semestre";30;"LESÃO CORPORAL DOLOSA";2664
"337";"2022/1º Semestre";10;"HOMICÍDIO DOLOSO (exclui FEMINICÍDIO)";5
"338";"2022/1º Semestre";20;"HOMICÍDIO DOLOSO (exclui FEMINICÍDIO)";6
"339";"2022/1º Semestre";30;"HOMICÍDIO DOLOSO (exclui FEMINICÍDIO)";10
"340";"2022/1º Semestre";10;"FEMINICÍDIO";1
"341";"2022/1º Semestre";20;"FEMINICÍDIO";6
"342";"2022/1º Semestre";30;"FEMINICÍDIO";12
"343";"2022/1º Semestre";10;"HOMICÍDIO DOLOSO - TOTAL";6
"344";"2022/1º Semestre";20;"HOMICÍDIO DOLOSO - TOTAL";12
"345";"2022/1º Semestre";30;"HOMICÍDIO DOLOSO - TOTAL";22
"346";"2022/1º Semestre";10;"LESÃO CORPORAL DOLOSA";1004
"347";"2022/1º Semestre";20;"LESÃO CORPORAL DOLOSA";870
"348";"2022/1º Semestre";30;"LESÃO CORPORAL DOLOSA";3197
"349";"2022/1º Semestre";10;"HOMICÍDIO DOLOSO (exclui FEMINICÍDIO)";4
"350";"2022/1º Semestre";20;"HOMICÍDIO DOLOSO (exclui FEMINICÍDIO)";4
"351";"2022/1º Semestre";30;"HOMICÍDIO DOLOSO (exclui FEMINICÍDIO)";12
"352";"2022/1º Semestre";10;"FEMINICÍDIO";4
"353";"2022/1º Semestre";20;"FEMINICÍDIO";1
"354";"2022/1º Semestre";30;"FEMINICÍDIO";5
"355";"2022/1º Semestre";10;"HOMICÍDIO DOLOSO - TOTAL";8
"356";"2022/1º Semestre";20;"HOMICÍDIO DOLOSO - TOTAL";5
"357";"2022/1º Semestre";30;"HOMICÍDIO DOLOSO - TOTAL";17
"358";"2022/1º Semestre";10;"LESÃO CORPORAL DOLOSA";843
"359";"2022/1º Semestre";20;"LESÃO CORPORAL DOLOSA";718
"360";"2022/1º Semestre";30;"LESÃO CORPORAL DOLOSA";2617
"361";"2022/1º Semestre";10;"HOMICÍDIO DOLOSO (exclui FEMINICÍDIO)";5
"362";"2022/1º Semestre";20;"HOMICÍDIO DOLOSO (exclui FEMINICÍDIO)";8
"363";"2022/1º Semestre";30;"HOMICÍDIO DOLOSO (exclui FEMINICÍDIO)";8
"364";"2022/1º Semestre";10;"FEMINICÍDIO";2
"365";"2022/1º Semestre";20;"FEMINICÍDIO";3
"366";"2022/1º Semestre";30;"FEMINICÍDIO";7
"367";"2022/1º Semestre";10;"HOMICÍDIO DOLOSO - TOTAL";7
"368";"2022/1º Semestre";20;"HOMICÍDIO DOLOSO - TOTAL";11
"369";"2022/1º Semestre";30;"HOMICÍDIO DOLOSO - TOTAL";15
"370";"2022/1º Semestre";10;"LESÃO CORPORAL DOLOSA";819
"371";"2022/1º Semestre";20;"LESÃO CORPORAL DOLOSA";730
"372";"2022/1º Semestre";30;"LESÃO CORPORAL DOLOSA";2341
"373";"2022/1º Semestre";10;"HOMICÍDIO DOLOSO (exclui FEMINICÍDIO)";2
"374";"2022/1º Semestre";20;"HOMICÍDIO DOLOSO (exclui FEMINICÍDIO)";3
"375";"2022/1º Semestre";30;"HOMICÍDIO DOLOSO (exclui FEMINICÍDIO)";15
"376";"2022/1º Semestre";10;"FEMINICÍDIO";1
"377";"2022/1º Semestre";20;"FEMINICÍDIO";2
"378";"2022/1º Semestre";30;"FEMINICÍDIO";8
"379";"2022/1º Semestre";10;"HOMICÍDIO DOLOSO - TOTAL";3
"380";"2022/1º Semestre";20;"HOMICÍDIO DOLOSO - TOTAL";5
"381";"2022/1º Semestre";30;"HOMICÍDIO DOLOSO - TOTAL";23
"382";"2022/1º Semestre";10;"LESÃO CORPORAL DOLOSA";670
"383";"2022/1º Semestre";20;"LESÃO CORPORAL DOLOSA";638
"384";"2022/1º Semestre";30;"LESÃO CORPORAL DOLOSA";2156
