"";"periodo";"hd_vitima";"hd_ocorr";"lat_ocorr";"lat_vitima";"tot_estupro";"estupro_vuln";"roubo_outros";"roubo_veiculos";"roubo_total";"extor_seq";"lesao_morte";"regiao";"deinter";"let_ser";"let_fol";"mort_ser";"mort_fol"
"1";"2018/1º Semestre";361;344;36;37;1331;893;68555;13411;70732;6;9;"Capital";NA;148;53;3;8
"2";"2018/2º Semestre";362;328;44;45;1259;899;63777;13449;65857;2;5;"Capital";NA;130;80;4;14
"3";"2019/1º Semestre";346;328;31;32;1243;866;66421;10709;68170;3;9;"Capital";NA;162;35;5;6
"4";"2019/2º Semestre";339;322;33;34;1420;1025;70948;10520;72964;1;13;"Capital";NA;160;49;4;8
"5";"2020/1º Semestre";357;337;26;26;1096;793;66665;7207;68130;3;19;"Capital";NA;187;44;6;7
"6";"2020/2º Semestre";352;322;20;20;1222;921;57887;6758;59383;4;13;"Capital";NA;120;53;6;6
"7";"2021/1º Semestre";320;301;32;34;1195;862;59946;6275;61412;7;13;"Capital";NA;131;48;0;4
"8";"2021/2º Semestre";283;262;21;22;1144;827;65572;7381;67177;12;4;"Capital";NA;65;48;0;3
"9";"2022/1º Semestre";260;247;30;30;1173;860;67333;7253;68907;12;13;"Capital";NA;46;51;2;6
"10";"2018/1º Semestre";341;318;38;39;1242;910;32032;8818;33245;6;8;"Grande São Paulo";NA;66;22;0;4
"11";"2018/2º Semestre";373;351;30;30;1243;924;29797;9758;30988;1;5;"Grande São Paulo";NA;67;18;4;4
"12";"2019/1º Semestre";323;298;19;20;1180;892;28774;7474;29696;1;15;"Grande São Paulo";NA;58;16;1;0
"13";"2019/2º Semestre";272;268;24;25;1324;1000;28438;6917;29363;4;7;"Grande São Paulo";NA;79;17;0;0
"14";"2020/1º Semestre";361;347;15;15;1024;784;24830;4890;25652;0;14;"Grande São Paulo";NA;89;30;2;1
"15";"2020/2º Semestre";313;295;19;20;1236;966;23279;4982;24104;2;9;"Grande São Paulo";NA;33;11;0;3
"16";"2021/1º Semestre";292;276;22;22;1224;960;25627;4833;26623;1;11;"Grande São Paulo";NA;55;10;0;3
"17";"2021/2º Semestre";238;225;11;13;1160;947;26851;6208;27852;1;7;"Grande São Paulo";NA;45;16;2;1
"18";"2022/1º Semestre";295;280;14;14;1242;967;25683;6373;26751;3;6;"Grande São Paulo";NA;19;10;0;2
"19";"2018/1º Semestre";868;833;61;63;3535;2580;31787;6594;32918;5;22;"Interior";NA;116;15;3;9
"20";"2018/2º Semestre";801;775;61;64;3339;2458;28375;6940;29375;1;31;"Interior";NA;130;18;3;3
"21";"2019/1º Semestre";796;768;37;39;3537;2675;27786;5475;28662;2;31;"Interior";NA;148;13;3;1
"22";"2019/2º Semestre";830;794;48;49;3670;2759;25684;5422;26542;0;29;"Interior";NA;129;17;4;4
"23";"2020/1º Semestre";804;776;52;54;2951;2203;21630;4125;22302;1;40;"Interior";NA;168;15;6;6
"24";"2020/2º Semestre";851;816;47;48;3494;2737;18601;3929;19268;0;27;"Interior";NA;88;6;2;4
"25";"2021/1º Semestre";874;847;32;32;3338;2619;19946;3920;20663;0;19;"Interior";NA;97;10;0;4
"26";"2021/2º Semestre";840;802;48;50;3701;2886;21217;4424;21979;2;22;"Interior";NA;52;11;6;2
"27";"2022/1º Semestre";899;868;41;41;3665;2864;22749;4885;23358;2;34;"Interior";NA;71;14;2;5
"28";"2018/1º Semestre";173;165;11;11;349;260;4348;810;4450;0;3;"Interior";"Deinter 01";11;1;1;0
"29";"2018/2º Semestre";165;161;13;15;366;274;3764;846;3848;0;0;"Interior";"Deinter 01";7;2;0;0
"30";"2019/1º Semestre";160;152;6;7;428;322;3534;675;3628;0;2;"Interior";"Deinter 01";15;1;1;0
"31";"2019/2º Semestre";143;139;5;6;414;315;3256;616;3343;0;5;"Interior";"Deinter 01";12;2;0;1
"32";"2020/1º Semestre";163;152;2;2;300;218;2765;473;2813;0;2;"Interior";"Deinter 01";24;2;2;1
"33";"2020/2º Semestre";181;174;6;6;360;285;2181;424;2253;0;5;"Interior";"Deinter 01";13;0;1;0
"34";"2021/1º Semestre";159;156;6;6;307;246;2473;423;2545;0;2;"Interior";"Deinter 01";16;0;0;0
"35";"2021/2º Semestre";176;167;7;7;370;275;2505;466;2568;0;4;"Interior";"Deinter 01";9;0;1;0
"36";"2022/1º Semestre";208;197;6;6;322;241;2345;431;2404;0;5;"Interior";"Deinter 01";6;0;1;1
"37";"2018/1º Semestre";127;124;9;9;503;315;6206;2429;6497;1;6;"Interior";"Deinter 02";19;3;1;1
"38";"2018/2º Semestre";130;123;12;12;428;288;6207;2585;6495;0;4;"Interior";"Deinter 02";16;4;1;0
"39";"2019/1º Semestre";142;137;5;6;473;331;5789;1901;6018;0;3;"Interior";"Deinter 02";19;1;0;0
"40";"2019/2º Semestre";145;136;8;8;450;332;5693;2057;5976;0;4;"Interior";"Deinter 02";15;3;1;1
"41";"2020/1º Semestre";125;121;15;15;373;256;4398;1478;4663;0;11;"Interior";"Deinter 02";29;2;0;0
"42";"2020/2º Semestre";108;107;11;11;464;353;3931;1515;4166;0;0;"Interior";"Deinter 02";13;1;0;1
"43";"2021/1º Semestre";123;116;2;2;433;331;4227;1472;4466;0;2;"Interior";"Deinter 02";8;1;0;0
"44";"2021/2º Semestre";102;92;3;3;499;388;4697;1737;4927;0;4;"Interior";"Deinter 02";9;1;0;0
"45";"2022/1º Semestre";125;123;4;4;519;401;4922;1816;5128;1;2;"Interior";"Deinter 02";8;4;0;0
"46";"2018/1º Semestre";112;109;7;7;465;349;3715;613;3789;1;4;"Interior";"Deinter 03";15;1;0;2
"47";"2018/2º Semestre";104;103;6;6;442;302;3330;679;3407;1;10;"Interior";"Deinter 03";20;1;0;0
"48";"2019/1º Semestre";115;108;3;3;450;331;3333;592;3423;1;6;"Interior";"Deinter 03";11;0;1;1
"49";"2019/2º Semestre";116;112;7;7;506;367;2759;525;2839;0;2;"Interior";"Deinter 03";6;2;0;0
"50";"2020/1º Semestre";91;88;8;8;375;278;2262;429;2313;0;4;"Interior";"Deinter 03";11;2;0;1
"51";"2020/2º Semestre";109;107;7;7;438;333;2170;459;2233;0;5;"Interior";"Deinter 03";6;0;0;0
"52";"2021/1º Semestre";126;121;9;9;505;383;2402;497;2488;0;5;"Interior";"Deinter 03";13;1;0;1
"53";"2021/2º Semestre";126;125;10;10;533;401;2968;502;3072;0;4;"Interior";"Deinter 03";6;4;0;0
"54";"2022/1º Semestre";125;117;7;7;513;390;2813;583;2882;0;7;"Interior";"Deinter 03";7;3;0;0
"55";"2018/1º Semestre";42;42;3;3;312;240;956;68;975;0;1;"Interior";"Deinter 04";8;0;1;0
"56";"2018/2º Semestre";56;55;0;0;299;223;908;88;926;0;3;"Interior";"Deinter 04";6;0;0;0
"57";"2019/1º Semestre";46;45;4;4;294;223;861;54;886;1;3;"Interior";"Deinter 04";10;1;1;0
"58";"2019/2º Semestre";47;45;6;6;321;247;793;79;810;0;4;"Interior";"Deinter 04";9;3;1;2
"59";"2020/1º Semestre";53;52;4;4;260;204;663;56;675;0;5;"Interior";"Deinter 04";4;0;0;0
"60";"2020/2º Semestre";68;65;5;5;335;257;561;56;578;0;0;"Interior";"Deinter 04";8;1;1;0
"61";"2021/1º Semestre";61;58;2;2;297;235;589;55;614;0;4;"Interior";"Deinter 04";6;0;0;0
"62";"2021/2º Semestre";51;50;5;5;327;260;632;59;648;0;1;"Interior";"Deinter 04";1;2;0;0
"63";"2022/1º Semestre";45;45;4;4;353;279;635;66;644;0;1;"Interior";"Deinter 04";5;0;0;0
"64";"2018/1º Semestre";50;47;4;4;307;249;862;78;871;0;1;"Interior";"Deinter 05";7;1;0;1
"65";"2018/2º Semestre";44;44;6;6;256;191;688;49;699;0;2;"Interior";"Deinter 05";9;0;0;0
"66";"2019/1º Semestre";42;40;2;2;278;212;718;59;728;0;2;"Interior";"Deinter 05";9;2;0;0
"67";"2019/2º Semestre";35;35;4;4;317;245;540;43;548;0;1;"Interior";"Deinter 05";13;0;0;0
"68";"2020/1º Semestre";40;40;4;4;268;208;545;44;551;0;1;"Interior";"Deinter 05";5;0;0;0
"69";"2020/2º Semestre";42;42;1;1;285;229;423;43;430;0;2;"Interior";"Deinter 05";3;0;0;0
"70";"2021/1º Semestre";45;44;2;2;270;223;531;36;543;0;1;"Interior";"Deinter 05";3;2;0;0
"71";"2021/2º Semestre";42;42;1;1;298;231;475;70;488;0;0;"Interior";"Deinter 05";1;0;0;0
"72";"2022/1º Semestre";52;51;5;5;334;267;626;82;639;1;4;"Interior";"Deinter 05";7;0;0;1
"73";"2018/1º Semestre";88;83;9;10;341;239;8040;989;8370;0;2;"Interior";"Deinter 06";22;6;0;5
"74";"2018/2º Semestre";81;73;11;12;297;206;6939;1003;7172;0;3;"Interior";"Deinter 06";26;4;1;3
"75";"2019/1º Semestre";72;71;4;4;329;239;7363;810;7607;0;4;"Interior";"Deinter 06";35;6;0;0
"76";"2019/2º Semestre";79;70;4;4;335;240;6761;683;6913;0;1;"Interior";"Deinter 06";32;4;0;0
"77";"2020/1º Semestre";59;58;7;9;289;226;6041;469;6184;1;4;"Interior";"Deinter 06";44;5;2;2
"78";"2020/2º Semestre";69;63;7;7;350;265;5543;431;5661;0;7;"Interior";"Deinter 06";21;1;0;1
"79";"2021/1º Semestre";80;80;2;2;296;232;5502;426;5624;0;2;"Interior";"Deinter 06";32;1;0;0
"80";"2021/2º Semestre";73;70;8;9;351;278;5360;449;5522;2;1;"Interior";"Deinter 06";11;1;1;2
"81";"2022/1º Semestre";85;83;5;5;320;255;6178;434;6285;0;0;"Interior";"Deinter 06";14;4;0;2
"82";"2018/1º Semestre";99;93;9;10;607;461;2821;516;2887;0;1;"Interior";"Deinter 07";22;2;0;0
"83";"2018/2º Semestre";77;74;4;4;624;498;2201;510;2265;0;4;"Interior";"Deinter 07";11;3;1;0
"84";"2019/1º Semestre";82;81;6;6;636;504;2153;424;2200;0;2;"Interior";"Deinter 07";21;1;0;0
"85";"2019/2º Semestre";108;107;4;4;666;508;1880;427;1938;0;2;"Interior";"Deinter 07";15;1;0;0
"86";"2020/1º Semestre";87;85;6;6;547;412;1774;374;1822;0;4;"Interior";"Deinter 07";7;1;1;1
"87";"2020/2º Semestre";116;107;6;7;645;531;1236;284;1276;0;4;"Interior";"Deinter 07";6;0;0;1
"88";"2021/1º Semestre";91;88;5;5;608;486;1355;282;1413;0;2;"Interior";"Deinter 07";5;2;0;1
"89";"2021/2º Semestre";71;68;5;5;662;537;1564;309;1624;0;3;"Interior";"Deinter 07";7;1;0;0
"90";"2022/1º Semestre";75;72;6;6;636;500;1787;376;1856;0;4;"Interior";"Deinter 07";13;2;0;1
"91";"2018/1º Semestre";36;35;2;2;167;132;303;19;315;1;0;"Interior";"Deinter 08";2;0;0;0
"92";"2018/2º Semestre";23;23;2;2;176;137;247;14;253;0;2;"Interior";"Deinter 08";0;0;0;0
"93";"2019/1º Semestre";26;26;3;3;166;142;221;16;225;0;2;"Interior";"Deinter 08";3;0;0;0
"94";"2019/2º Semestre";26;24;2;2;179;145;183;13;194;0;1;"Interior";"Deinter 08";5;0;0;0
"95";"2020/1º Semestre";25;24;1;1;133;105;180;17;183;0;1;"Interior";"Deinter 08";4;0;0;0
"96";"2020/2º Semestre";23;22;0;0;157;134;119;8;133;0;0;"Interior";"Deinter 08";2;0;0;1
"97";"2021/1º Semestre";31;30;0;0;158;118;165;27;177;0;0;"Interior";"Deinter 08";1;0;0;1
"98";"2021/2º Semestre";31;30;3;3;196;156;176;13;184;0;0;"Interior";"Deinter 08";0;0;2;0
"99";"2022/1º Semestre";30;30;0;0;167;133;195;11;199;0;1;"Interior";"Deinter 08";4;0;0;0
"100";"2018/1º Semestre";111;106;5;5;350;234;4095;1062;4319;2;2;"Interior";"Deinter 09";10;1;0;0
"101";"2018/2º Semestre";93;91;4;4;339;256;3728;1142;3944;0;2;"Interior";"Deinter 09";35;4;0;0
"102";"2019/1º Semestre";84;82;4;4;366;276;3421;908;3548;0;7;"Interior";"Deinter 09";25;1;0;0
"103";"2019/2º Semestre";99;94;6;6;364;270;3485;949;3645;0;7;"Interior";"Deinter 09";22;1;2;0
"104";"2020/1º Semestre";120;116;4;4;306;217;2716;760;2808;0;8;"Interior";"Deinter 09";40;3;1;1
"105";"2020/2º Semestre";107;104;2;2;342;258;2177;690;2272;0;2;"Interior";"Deinter 09";16;3;0;0
"106";"2021/1º Semestre";120;116;3;3;358;279;2386;687;2473;0;1;"Interior";"Deinter 09";13;3;0;1
"107";"2021/2º Semestre";120;113;3;3;350;275;2541;798;2641;0;3;"Interior";"Deinter 09";7;2;2;0
"108";"2022/1º Semestre";119;115;4;4;345;268;2949;1071;3022;0;7;"Interior";"Deinter 09";5;1;0;0
"109";"2018/1º Semestre";30;29;2;2;134;101;441;10;445;0;2;"Interior";"Deinter 10";0;0;0;0
"110";"2018/2º Semestre";28;28;3;3;112;83;363;24;366;0;1;"Interior";"Deinter 10";0;0;0;0
"111";"2019/1º Semestre";27;26;0;0;117;95;393;36;399;0;0;"Interior";"Deinter 10";0;0;0;0
"112";"2019/2º Semestre";32;32;2;2;118;90;334;30;336;0;2;"Interior";"Deinter 10";0;1;0;0
"113";"2020/1º Semestre";41;40;1;1;100;79;286;25;290;0;0;"Interior";"Deinter 10";0;0;0;0
"114";"2020/2º Semestre";28;25;2;2;118;92;260;19;266;0;2;"Interior";"Deinter 10";0;0;0;0
"115";"2021/1º Semestre";38;38;1;1;106;86;316;15;320;0;0;"Interior";"Deinter 10";0;0;0;0
"116";"2021/2º Semestre";48;45;3;4;115;85;299;21;305;0;2;"Interior";"Deinter 10";1;0;0;0
"117";"2022/1º Semestre";35;35;0;0;156;130;299;15;299;0;3;"Interior";"Deinter 10";2;0;1;0
"118";"2018/1º Semestre";1570;1495;135;139;6108;4383;132374;28823;136895;17;39;"Estado de São Paulo";NA;330;90;6;21
"119";"2018/2º Semestre";1536;1454;135;139;5841;4281;121949;30147;126220;4;41;"Estado de São Paulo";NA;327;116;11;21
"120";"2019/1º Semestre";1465;1394;87;91;5960;4433;122981;23658;126528;6;55;"Estado de São Paulo";NA;368;64;9;7
"121";"2019/2º Semestre";1441;1384;105;108;6414;4784;125070;22859;128869;5;49;"Estado de São Paulo";NA;368;83;8;12
"122";"2020/1º Semestre";1522;1460;93;95;5071;3780;113125;16222;116084;4;73;"Estado de São Paulo";NA;444;89;14;14
"123";"2020/2º Semestre";1516;1433;86;88;5952;4624;99767;15669;102755;6;49;"Estado de São Paulo";NA;241;70;8;13
"124";"2021/1º Semestre";1486;1424;86;88;5757;4441;105519;15028;108698;8;43;"Estado de São Paulo";NA;283;68;0;11
"125";"2021/2º Semestre";1361;1289;80;85;6005;4660;113640;18013;117008;15;33;"Estado de São Paulo";NA;162;75;8;6
"126";"2022/1º Semestre";1454;1395;85;85;6080;4691;115765;18511;119016;17;53;"Estado de São Paulo";NA;136;75;4;13
